Model,Accuracy,Precision,Recall,F1,ROC_AUC
Logistic Regression,0.8333333333333334,0.8461538461538461,0.7857142857142857,0.8148148148148148,0.9497767857142857
Decision Tree,0.6833333333333333,0.68,0.6071428571428571,0.6415094339622641,0.6785714285714285
Random Forest,0.8666666666666667,0.8846153846153846,0.8214285714285714,0.8518518518518519,0.94140625
SVM,0.85,0.88,0.7857142857142857,0.8301886792452831,0.9542410714285714
